"delta","mean_lret","sd_lret","mean_InvLam","sd_InvLam"
0.20468,0.00043143548421598,0.0096645614939607,0.0153569567470876,0.698872008410086
